<!DOCTYPE hibernate-configuration PUBLIC
        "-//Hibernate/Hibernate Configuration DTD 3.0//EN"
        "http://www.hibernate.org/dtd/hibernate-configuration-3.0.dtd">
<hibernate-configuration>
    <session-factory>
        <property name="hibernate.connntion.driver_class">com.mysql.cj.jdbc.Driver</property>
        <property name="hibernate.connntion.url">jdbc:mysql://localhost:3306/chantidb</property>
        <property name="hibernate.connntion.user">root</property>
        <property name="hibernate.connntion.password">chanti</property>
        <property name="hibernate.dialect">org.hibernate.dialect.MySQLDialect</property>
        <mapping resource="Student.hbm.xml"/>
    </session-factory>
</hibernate-configuration>