<!DOCTYPE hibernate-configuration PUBLIC
        "-//Hibernate/Hibernate Configuration DTD 3.0//EN"
        "http://www.hibernate.org/dtd/hibernate-configuration-3.0.dtd">
<hibernate-configuration>


    <session-factory>
        <property name="hibernate.connection.provider_class">org.hibernate.engine.jdbc.connections.internal.DatasourceConnectionProviderImpl</property>
        <property name="hibernate.connection.datasource">chanti_jndi</property>
        <property name="hibernate.jndi.class">weblogic.jndi.WLInitialContextFactory</property>
        <property name="hibernate.jndi.url">t3://localhost:7001</property>
        <property name="hibernate.dialect">org.hibernate.dialect.MySQLDialect</property>
        <mapping resource="Employee.hbm.xml"/>
    </session-factory>




</hibernate-configuration>
