<!DOCTYPE hibernate-mapping PUBLIC
        "-//Hibernate/Hibernate Mapping DTD 3.0//EN"
        "http://www.hibernate.org/dtd/hibernate-mapping-3.0.dtd">
<hibernate-mapping>
    <class name="com.durgasoft.entites.Employee" table="emp4">
        <id name="eno"/>
        <property name="ename"/>
        <property name="esal"/>
        <property name="eaddr"/>
        <property name="etype"/>
        <filter name="empFilter" condition=":type = ETYPE"/>
    </class>

    <filter-def name="empFilter">
        <filter-param name="type" type="string"/>
    </filter-def>

</hibernate-mapping>